[{"model": "admin.logentry", "pk": 1, "fields": {"action_time": "2022-08-13T04:54:33.038Z", "user": 1, "content_type": 4, "object_id": "2", "object_repr": "", "action_flag": 3, "change_message": ""}}, {"model": "admin.logentry", "pk": 2, "fields": {"action_time": "2022-08-13T05:01:37.438Z", "user": 1, "content_type": 4, "object_id": "3", "object_repr": "", "action_flag": 3, "change_message": ""}}, {"model": "admin.logentry", "pk": 3, "fields": {"action_time": "2022-08-17T06:55:04.777Z", "user": 1, "content_type": 3, "object_id": "1", "object_repr": "Wallet", "action_flag": 1, "change_message": "[{\"added\": {}}]"}}, {"model": "admin.logentry", "pk": 4, "fields": {"action_time": "2022-08-17T06:55:10.267Z", "user": 1, "content_type": 3, "object_id": "1", "object_repr": "Wallet", "action_flag": 2, "change_message": "[]"}}, {"model": "admin.logentry", "pk": 5, "fields": {"action_time": "2022-08-17T06:55:18.662Z", "user": 1, "content_type": 3, "object_id": "1", "object_repr": "Wallet", "action_flag": 2, "change_message": "[]"}}, {"model": "admin.logentry", "pk": 6, "fields": {"action_time": "2022-08-17T06:56:39.426Z", "user": 1, "content_type": 3, "object_id": "1", "object_repr": "Wallet", "action_flag": 3, "change_message": ""}}, {"model": "auth.permission", "pk": 1, "fields": {"name": "Can add log entry", "content_type": 1, "codename": "add_logentry"}}, {"model": "auth.permission", "pk": 2, "fields": {"name": "Can change log entry", "content_type": 1, "codename": "change_logentry"}}, {"model": "auth.permission", "pk": 3, "fields": {"name": "Can delete log entry", "content_type": 1, "codename": "delete_logentry"}}, {"model": "auth.permission", "pk": 4, "fields": {"name": "Can view log entry", "content_type": 1, "codename": "view_logentry"}}, {"model": "auth.permission", "pk": 5, "fields": {"name": "Can add permission", "content_type": 2, "codename": "add_permission"}}, {"model": "auth.permission", "pk": 6, "fields": {"name": "Can change permission", "content_type": 2, "codename": "change_permission"}}, {"model": "auth.permission", "pk": 7, "fields": {"name": "Can delete permission", "content_type": 2, "codename": "delete_permission"}}, {"model": "auth.permission", "pk": 8, "fields": {"name": "Can view permission", "content_type": 2, "codename": "view_permission"}}, {"model": "auth.permission", "pk": 9, "fields": {"name": "Can add group", "content_type": 3, "codename": "add_group"}}, {"model": "auth.permission", "pk": 10, "fields": {"name": "Can change group", "content_type": 3, "codename": "change_group"}}, {"model": "auth.permission", "pk": 11, "fields": {"name": "Can delete group", "content_type": 3, "codename": "delete_group"}}, {"model": "auth.permission", "pk": 12, "fields": {"name": "Can view group", "content_type": 3, "codename": "view_group"}}, {"model": "auth.permission", "pk": 13, "fields": {"name": "Can add user", "content_type": 4, "codename": "add_user"}}, {"model": "auth.permission", "pk": 14, "fields": {"name": "Can change user", "content_type": 4, "codename": "change_user"}}, {"model": "auth.permission", "pk": 15, "fields": {"name": "Can delete user", "content_type": 4, "codename": "delete_user"}}, {"model": "auth.permission", "pk": 16, "fields": {"name": "Can view user", "content_type": 4, "codename": "view_user"}}, {"model": "auth.permission", "pk": 17, "fields": {"name": "Can add content type", "content_type": 5, "codename": "add_contenttype"}}, {"model": "auth.permission", "pk": 18, "fields": {"name": "Can change content type", "content_type": 5, "codename": "change_contenttype"}}, {"model": "auth.permission", "pk": 19, "fields": {"name": "Can delete content type", "content_type": 5, "codename": "delete_contenttype"}}, {"model": "auth.permission", "pk": 20, "fields": {"name": "Can view content type", "content_type": 5, "codename": "view_contenttype"}}, {"model": "auth.permission", "pk": 21, "fields": {"name": "Can add session", "content_type": 6, "codename": "add_session"}}, {"model": "auth.permission", "pk": 22, "fields": {"name": "Can change session", "content_type": 6, "codename": "change_session"}}, {"model": "auth.permission", "pk": 23, "fields": {"name": "Can delete session", "content_type": 6, "codename": "delete_session"}}, {"model": "auth.permission", "pk": 24, "fields": {"name": "Can view session", "content_type": 6, "codename": "view_session"}}, {"model": "auth.permission", "pk": 25, "fields": {"name": "Can add members", "content_type": 7, "codename": "add_members"}}, {"model": "auth.permission", "pk": 26, "fields": {"name": "Can change members", "content_type": 7, "codename": "change_members"}}, {"model": "auth.permission", "pk": 27, "fields": {"name": "Can delete members", "content_type": 7, "codename": "delete_members"}}, {"model": "auth.permission", "pk": 28, "fields": {"name": "Can view members", "content_type": 7, "codename": "view_members"}}, {"model": "auth.user", "pk": 1, "fields": {"password": "pbkdf2_sha256$390000$B2nsk3ZfeNIpw78ZqjkEDt$X0C6owu7AuvKLDsbk9mGKLqHKJjZakSh46l6tUXIgJg=", "last_login": "2022-09-14T07:47:05.030Z", "is_superuser": true, "username": "manhasnoname", "first_name": "", "last_name": "", "email": "preciousighereno@gmail.com", "is_staff": true, "is_active": true, "date_joined": "2022-08-11T06:44:35.919Z", "groups": [], "user_permissions": []}}, {"model": "auth.user", "pk": 4, "fields": {"password": "pbkdf2_sha256$320000$LL3aWmDtiHavfANS4xNVRJ$pKDFNa/GpcMtUcFDTybUt9pV3VxcvVLAaHvGpG2PeH8=", "last_login": "2022-08-16T14:22:27.814Z", "is_superuser": false, "username": "eolyz", "first_name": "eolyz", "last_name": "spike", "email": "eolyz@gmail.com", "is_staff": false, "is_active": true, "date_joined": "2022-08-13T05:01:22.017Z", "groups": [], "user_permissions": []}}, {"model": "auth.user", "pk": 5, "fields": {"password": "pbkdf2_sha256$390000$ajHgBu10dGyN5cdRqEMLSr$CJff8/pYPFN3ejXXtkW4J1O7Wgv7jL+r/XZPRYtWBIo=", "last_login": null, "is_superuser": false, "username": "maroz", "first_name": "maro", "last_name": "dada", "email": "marox@gmail.com", "is_staff": false, "is_active": true, "date_joined": "2022-08-13T05:02:51.505Z", "groups": [], "user_permissions": []}}, {"model": "auth.user", "pk": 6, "fields": {"password": "pbkdf2_sha256$390000$WCQd55Blwq0iue6ahuyzXo$jlk+L3STlsqJtm5//aoS6tnotTibrz3rR3bWgQMrtx0=", "last_login": null, "is_superuser": false, "username": "amro", "first_name": "maro", "last_name": "dada", "email": "marox@gmail.com", "is_staff": false, "is_active": true, "date_joined": "2022-08-13T05:05:37.938Z", "groups": [], "user_permissions": []}}, {"model": "auth.user", "pk": 7, "fields": {"password": "pbkdf2_sha256$390000$f16H0pESm5LCRV594eFkOu$daLmAVTbUqWuiCpOswU9h5M5vzmvwg+6vqGX3l8JiiA=", "last_login": "2022-08-13T05:19:26.666Z", "is_superuser": false, "username": "markie", "first_name": "mark", "last_name": "dave", "email": "markdavid@gmail.com", "is_staff": false, "is_active": true, "date_joined": "2022-08-13T05:18:27.808Z", "groups": [], "user_permissions": []}}, {"model": "auth.user", "pk": 8, "fields": {"password": "pbkdf2_sha256$320000$2GVqfiGWsgZaHEidhE8HNx$5bYrcjky9USpGt5NhA5cRfIJm8oJIcNgDgecw86vbgI=", "last_login": "2022-08-16T20:54:16.100Z", "is_superuser": false, "username": "yomiboi", "first_name": "ighereno", "last_name": "yome", "email": "igherenoyome@gmail.com", "is_staff": false, "is_active": true, "date_joined": "2022-08-16T20:52:01.032Z", "groups": [], "user_permissions": []}}, {"model": "auth.user", "pk": 9, "fields": {"password": "pbkdf2_sha256$320000$9p4AKnisXOkmvmukYFptNI$sJpkq1F0bAD5rVbeoMExmpu3cMivSTZ2bt2unuGeisQ=", "last_login": null, "is_superuser": false, "username": "Shawnie", "first_name": "Shawn", "last_name": "Drake", "email": "shawndrake@gmail.com", "is_staff": false, "is_active": true, "date_joined": "2022-09-12T10:29:01.272Z", "groups": [], "user_permissions": []}}, {"model": "auth.user", "pk": 10, "fields": {"password": "pbkdf2_sha256$320000$KQyZ5JTrWtQvSmpeBMXCj9$F/j4ReKAmVD7RKyqNJD2WyWO20JZm/vbDpqleaCDpZs=", "last_login": null, "is_superuser": false, "username": "testing", "first_name": "Shawn", "last_name": "Damn", "email": "testing@gmail.com", "is_staff": false, "is_active": true, "date_joined": "2022-09-12T10:34:07.412Z", "groups": [], "user_permissions": []}}, {"model": "auth.user", "pk": 11, "fields": {"password": "pbkdf2_sha256$390000$32DUpHy59EVOYRt9ArgxnZ$dhMuBEEo9LfXfFB0F8zznCV/iW+ygkHVOHZ/3oLpqGY=", "last_login": "2022-09-13T14:45:34.350Z", "is_superuser": false, "username": "boygirl", "first_name": "Boy", "last_name": "Girl", "email": "boygirl@gmail.com", "is_staff": false, "is_active": true, "date_joined": "2022-09-12T13:08:15.757Z", "groups": [], "user_permissions": []}}, {"model": "contenttypes.contenttype", "pk": 1, "fields": {"app_label": "admin", "model": "logentry"}}, {"model": "contenttypes.contenttype", "pk": 2, "fields": {"app_label": "auth", "model": "permission"}}, {"model": "contenttypes.contenttype", "pk": 3, "fields": {"app_label": "auth", "model": "group"}}, {"model": "contenttypes.contenttype", "pk": 4, "fields": {"app_label": "auth", "model": "user"}}, {"model": "contenttypes.contenttype", "pk": 5, "fields": {"app_label": "contenttypes", "model": "contenttype"}}, {"model": "contenttypes.contenttype", "pk": 6, "fields": {"app_label": "sessions", "model": "session"}}, {"model": "contenttypes.contenttype", "pk": 7, "fields": {"app_label": "members", "model": "members"}}, {"model": "sessions.session", "pk": "68vori36op5ewt148ictwdc91t71wkw6", "fields": {"session_data": ".eJxVjMEOwiAQRP-FsyEs2C3x6N1vILC7laqBpLQn479Lkx40mdO8N_NWIW5rDluTJcysLsqr02-XIj2l7IAfsdyrplrWZU56V_RBm75Vltf1cP8Ocmy5r-Hsk3gbR_QkBpEZ_UTojHU8iR1o4B5Aw8kBGGLH6MR3dQQgAfX5AutKN_o:1oO3Zo:z6WzyiuS5o0TxXN_MjY3ZBfbyKl4VAOhuiB654z4pgY", "expire_date": "2022-08-30T20:54:16.245Z"}}, {"model": "sessions.session", "pk": "disochyaavf5bdqvcq5vn89ar5uyov0n", "fields": {"session_data": ".eJxVjDsOwjAQRO_iGllex79Q0ucM1q4_OIBsKU4qxN1JpBTQjea9mTfzuK3Fbz0tfo7syoBdfjvC8Ez1APGB9d54aHVdZuKHwk_a-dRiet1O9--gYC_7WowxmYyKBEGOhoI0QOCEtOBcHCzhkLXVg3ZJgsTsEEaV9iSE0oIU-3wB4_s3Uw:1oOCui:29R-_l0_b-hfQc2PM7WfH9euqejwkMJwjKNV4XTa5i4", "expire_date": "2022-08-31T06:52:28.318Z"}}, {"model": "sessions.session", "pk": "ipfuii465ltre5tu7noqshabl3fa6dbj", "fields": {"session_data": ".eJxVjDsOwjAQBe_iGln-JYsp6XMG69m7IgFkS_lUiLtDpBTQvpl5L5WwrWPaFpnTxOqirDr9bhnlIXUHfEe9NV1aXecp613RB1300Fie18P9OxixjN8amWyAyZ0vgBjjrHcIBcYFRskde_DZCRETKDBRZPTi2UbE0mdR7w_7tzjN:1oM7q7:u_vfOjCItY0u8GpO1QoxpswrigXKJRmAZdSrr3GZ_NA", "expire_date": "2022-08-25T13:03:07.500Z"}}, {"model": "sessions.session", "pk": "ypmevaorefx6s0yuolrr2tvub3tsuswv", "fields": {"session_data": ".eJxVjDsOwyAQBe9CHSEvID4p0-cM1rILwUkEkrErK3ePkFwk7ZuZd4gZ963Me0_rvLC4CgBx-R0j0ivVQfiJ9dEktbqtS5RDkSft8t44vW-n-3dQsJdRZ3ATo_Euc8iWiVkp8qgn4wGsVwaYJmdTshjIEGnlMEGIOhtylsTnCxyMOJU:1oY7AM:oJakjAkOMUTFMTMhvZkoVwP00HFUs1KNlEi02gKM3VA", "expire_date": "2022-09-27T14:45:34.495Z"}}, {"model": "sessions.session", "pk": "yxqc37y6cnnm6ok3ff6e2omgiapz5j4s", "fields": {"session_data": ".eJxVjEEOwiAQRe_C2hCYAp1x6d4zEGAmUjU0Ke3KeHdt0oVu_3vvv1RM21rj1mWJE6uzcur0u-VUHtJ2wPfUbrMuc1uXKetd0Qft-jqzPC-H-3dQU6_fGgEDiXHiyfksJXFmS8GQ5yGHggCI1oUgQEQjsvUyIhTwYHgwSdT7A8sqNwI:1oMn86:oGrZxzylicFGAMjXbc_6pwfxXIBRQD77wjpZxVrQZmg", "expire_date": "2022-08-27T09:08:26.640Z"}}, {"model": "members.members", "pk": 1, "fields": {"first_name": "Boy", "last_name": "Girl", "email": "boygirl@gmail.com", "wallet_balance": 3000.0}}]